--Idioma
INSERT INTO dbo.Idioma(ID_Idioma, Descripcion) VALUES
(1, 'English'),  
(2, 'Español')
---------------------------------------------------------------------------------------------------------------------------------------------------------------------------------------
--Texto
----Inicio
INSERT INTO dbo.Texto(ID_Idioma, ID_Texto, Mensaje) VALUES
(1, 'Inicio-Error-ConexionBaseDatos', 'Error while connection to data base'),
(1, 'Inicio-Error-IntegridadBaseDatos', 'Error on the Data Base integrity'),  
(1, 'Inicio-Info-CargaCorrecta', 'The application loaded successfully'), 
(1, 'Inicio-Error-CargaIncorrecta', 'An error happend while loading the application')
----Principal
INSERT INTO dbo.Texto(ID_Idioma, ID_Texto, Mensaje) VALUES
(1, 'Principal-Confirmar-CerrarSesion', 'Are you sure you want to close the session?'),
(1, 'Principal-Info-CerrarSesion', 'LogOut')
----Idioma
INSERT INTO dbo.Texto(ID_Idioma, ID_Texto, Mensaje) VALUES
(1, 'Idioma-Form', 'ChangeLanguaje'),
(1, 'Idioma-Info-cambio', 'Languaje has been changed')




----Inicio
INSERT INTO dbo.Texto(ID_Idioma, ID_Texto, Mensaje) VALUES
(2, 'Inicio-Error-ConexionBaseDatos', 'Error al conectar a la base de datos'),
(2, 'Inicio-Error-IntegridadBaseDatos', 'Error en la integridad de la base de datos'),
(2, 'Inicio-Info-CargaCorrecta', 'Carga de la aplicacion correcta'),
(2, 'Inicio-Error-CargaIncorrecta', 'Ocurrio un error en la carga de la aplicacion')
----Principal
INSERT INTO dbo.Texto(ID_Idioma, ID_Texto, Mensaje) VALUES
(2, 'Principal-Confirmar-CerrarSesion', 'Esta seguro de cerrar la sesion?'),
(2, 'Principal-Info-CerrarSesion', 'Cerrar Sesion')
----Idioma
INSERT INTO dbo.Texto(ID_Idioma, ID_Texto, Mensaje) VALUES
(2, 'Idioma-Form', 'Cambiar Lenguaje'),
(2, 'Idioma-Info-cambio', 'El lenguaje ha sido cambiado')



---------------------------------------------------------------------------------------------------------------------------------------------------------------------------------------
--Control
INSERT INTO dbo.Controles(ID_Idioma, ID_Control, Mensaje) VALUES
----Inicio
(1, 'LoginLabel1', 'User'),  
(1, 'LoginLabel2', 'Pass'), 
(1, 'LoginBotton1', 'Login'), 
(1, 'LoginBotton2', 'Exit')
----Principal
INSERT INTO dbo.Controles(ID_Idioma, ID_Control, Mensaje) VALUES
(1, 'sesionToolStripMenuItem', 'Sesion'),
(1,'iniciarSesionToolStripMenuItem','Login'),
(1,'cerrarSesionToolStripMenuItem', 'Logout'),
(1,'cambiarIdiomaToolStripMenuItem', 'Change Languaje'),
(1,'administracionToolStripMenuItem', 'Security'),
(1,'bitacoraToolStripMenuItem', 'Logs'),
(1,'gestionarUsuariosToolStripMenuItem', 'Manage Users'),
(1,'gestionarPermisosToolStripMenuItem', 'Manage Access'),
(1,'copiaDeSeguridadToolStripMenuItem', 'Backup'),
(1,'restauracionToolStripMenuItem', 'Restore'),
(1,'pasajesStripMenuItem', 'Tickets'),
(1,'rutasToolStripMenuItem', 'Routes')

----Idioma
INSERT INTO dbo.Controles(ID_Idioma, ID_Control, Mensaje) VALUES
(1, 'IdiomaLabel1', 'Choose languaje'),
(1, 'IdiomaBotton1', 'Accept')



INSERT INTO dbo.Controles(ID_Idioma, ID_Control, Mensaje) VALUES
----Inicio
(2, 'LoginLabel1', 'Usuario'), 
(2, 'LoginLabel2', 'Clave'), 
(2, 'LoginBotton1', 'Login'), 
(2, 'LoginBotton2', 'Salir')
----Principal
INSERT INTO dbo.Controles(ID_Idioma, ID_Control, Mensaje) VALUES
(2, 'sesionToolStripMenuItem', 'Sesion'),
(2,'iniciarSesionToolStripMenuItem','Iniciar Sesion'),
(2,'cerrarSesionToolStripMenuItem', 'Cerrar Sesion'),
(2,'cambiarIdiomaToolStripMenuItem', 'Cambiar Idioma'),
(2,'administracionToolStripMenuItem', 'Admnistracion'),
(2,'bitacoraToolStripMenuItem', 'Bitacora'),
(2,'gestionarUsuariosToolStripMenuItem', 'Manejar Usuarios'),
(2,'gestionarPermisosToolStripMenuItem', 'Manejar Permisos'),
(2,'copiaDeSeguridadToolStripMenuItem', 'Copia de Seguridad'),
(2,'restauracionToolStripMenuItem', 'Restauracion'),
(2,'pasajesStripMenuItem', 'Pasajes'),
(2,'rutasToolStripMenuItem', 'Rutas')

----Idioma
INSERT INTO dbo.Controles(ID_Idioma, ID_Control, Mensaje) VALUES
(2, 'IdiomaLabel1', 'Elegir idioma'),
(2, 'IdiomaBotton1', 'Aceptar')

---------------------------------------------------------------------------------------------------------------------------------------------------------------------------------------
--Usuario
INSERT INTO dbo.Usuario(ID_Usuario, Nombre, Apellido, Nombre_Usuario, Contrasenia, DVH, Intentos_Login, ID_Idioma) VALUES
(1, 'Martin', 'Dome', 'bWFydGluZG9tZTk2QGdtYWlsLmNvbQ==', 'CB1338CD67E63B81FC59F8107E76811C','196993', 0, 2) 

Insert INTO dbo.Digito_Verificador(ID_Digito_Verificador, Tabla, DVV) Values (1, 'Usuario', '196993')
---------------------------------------------------------------------------------------------------------------------------------------------------------------------------------------